{"v":"5.5.9","fr":24,"ip":0,"op":96,"w":352,"h":244,"nm":"anim2","ddd":0,"assets":[],"layers":[{"ddd":0,"ind":1,"ty":4,"nm":"Layer 8 Outlines","sr":1,"ks":{"o":{"a":0,"k":100,"ix":11},"r":{"a":1,"k":[{"i":{"x":[0.833],"y":[0.833]},"o":{"x":[0.167],"y":[0.167]},"t":36,"s":[-6]},{"t":92,"s":[0]}],"ix":10},"p":{"a":1,"k":[{"i":{"x":0.833,"y":0.833},"o":{"x":0.167,"y":0.167},"t":36,"s":[453.694,148.615,0],"to":[-22.505,0,0],"ti":[44.734,49.5,0]},{"i":{"x":0.833,"y":0.833},"o":{"x":0.167,"y":0.167},"t":63,"s":[78.657,161.115,0],"to":[-39.922,-44.176,0],"ti":[23.829,0,0]},{"t":92,"s":[176.694,121.615,0]}],"ix":2},"a":{"a":0,"k":[73.95,73.947,0],"ix":1},"s":{"a":0,"k":[100,100,100],"ix":6}},"ao":0,"shapes":[{"ty":"gr","it":[{"ind":0,"ty":"sh","ix":1,"ks":{"a":0,"k":{"i":[[-3.038,0],[0,-3.037],[3.038,0],[0,3.038]],"o":[[3.038,0],[0,3.038],[-3.038,0],[0,-3.037]],"v":[[0,-5.5],[5.5,0],[0,5.5],[-5.5,0]],"c":true},"ix":2},"nm":"Path 1","mn":"ADBE Vector Shape - Group","hd":false},{"ty":"fl","c":{"a":0,"k":[1,1,1,1],"ix":4},"o":{"a":0,"k":100,"ix":5},"r":1,"bm":0,"nm":"Fill 1","mn":"ADBE Vector Graphic - Fill","hd":false},{"ty":"tr","p":{"a":0,"k":[31.826,64.257],"ix":2},"a":{"a":0,"k":[0,0],"ix":1},"s":{"a":0,"k":[100,100],"ix":3},"r":{"a":0,"k":0,"ix":6},"o":{"a":0,"k":100,"ix":7},"sk":{"a":0,"k":0,"ix":4},"sa":{"a":0,"k":0,"ix":5},"nm":"Transform"}],"nm":"Group 1","np":4,"cix":2,"bm":0,"ix":1,"mn":"ADBE Vector Group","hd":false},{"ty":"gr","it":[{"ind":0,"ty":"sh","ix":1,"ks":{"a":0,"k":{"i":[[-5.247,0],[0,-5.247],[5.247,0],[0,5.247]],"o":[[5.247,0],[0,5.247],[-5.247,0],[0,-5.247]],"v":[[0,-9.5],[9.5,0],[0,9.5],[-9.5,0]],"c":true},"ix":2},"nm":"Path 1","mn":"ADBE Vector Shape - Group","hd":false},{"ty":"fl","c":{"a":0,"k":[1,1,1,1],"ix":4},"o":{"a":0,"k":100,"ix":5},"r":1,"bm":0,"nm":"Fill 1","mn":"ADBE Vector Graphic - Fill","hd":false},{"ty":"tr","p":{"a":0,"k":[44.826,45.258],"ix":2},"a":{"a":0,"k":[0,0],"ix":1},"s":{"a":0,"k":[100,100],"ix":3},"r":{"a":0,"k":0,"ix":6},"o":{"a":0,"k":100,"ix":7},"sk":{"a":0,"k":0,"ix":4},"sa":{"a":0,"k":0,"ix":5},"nm":"Transform"}],"nm":"Group 2","np":4,"cix":2,"bm":0,"ix":2,"mn":"ADBE Vector Group","hd":false},{"ty":"gr","it":[{"ind":0,"ty":"sh","ix":1,"ks":{"a":0,"k":{"i":[[0,0],[0,0]],"o":[[0,0],[0,0]],"v":[[15.877,15.876],[-15.877,-15.876]],"c":false},"ix":2},"nm":"Path 1","mn":"ADBE Vector Shape - Group","hd":false},{"ty":"st","c":{"a":0,"k":[0.09019607843137255,0.11372549019607843,0.22745098039215686,1],"ix":3},"o":{"a":0,"k":100,"ix":4},"w":{"a":0,"k":11,"ix":5},"lc":2,"lj":2,"bm":0,"nm":"Stroke 1","mn":"ADBE Vector Graphic - Stroke","hd":false},{"ty":"tr","p":{"a":0,"k":[126.523,126.517],"ix":2},"a":{"a":0,"k":[0,0],"ix":1},"s":{"a":0,"k":[100,100],"ix":3},"r":{"a":0,"k":0,"ix":6},"o":{"a":0,"k":100,"ix":7},"sk":{"a":0,"k":0,"ix":4},"sa":{"a":0,"k":0,"ix":5},"nm":"Transform"}],"nm":"Group 3","np":2,"cix":2,"bm":0,"ix":3,"mn":"ADBE Vector Group","hd":false},{"ty":"gr","it":[{"ind":0,"ty":"sh","ix":1,"ks":{"a":0,"k":{"i":[[0,-32.251],[32.254,0],[0,32.253],[-32.253,0],[0,0]],"o":[[0,32.253],[-32.253,0],[0,-32.253],[0,0],[32.251,0.003]],"v":[[58.4,0.001],[0,58.4],[-58.4,0.001],[0,-58.4],[0.006,-58.4]],"c":true},"ix":2},"nm":"Path 1","mn":"ADBE Vector Shape - Group","hd":false},{"ty":"st","c":{"a":0,"k":[0.09019607843137255,0.11372549019607843,0.22745098039215686,1],"ix":3},"o":{"a":0,"k":100,"ix":4},"w":{"a":0,"k":11,"ix":5},"lc":2,"lj":2,"bm":0,"nm":"Stroke 1","mn":"ADBE Vector Graphic - Stroke","hd":false},{"ty":"tr","p":{"a":0,"k":[69.4,69.399],"ix":2},"a":{"a":0,"k":[0,0],"ix":1},"s":{"a":0,"k":[100,100],"ix":3},"r":{"a":0,"k":0,"ix":6},"o":{"a":0,"k":100,"ix":7},"sk":{"a":0,"k":0,"ix":4},"sa":{"a":0,"k":0,"ix":5},"nm":"Transform"}],"nm":"Group 4","np":2,"cix":2,"bm":0,"ix":4,"mn":"ADBE Vector Group","hd":false},{"ty":"gr","it":[{"ind":0,"ty":"sh","ix":1,"ks":{"a":0,"k":{"i":[[-32.309,0],[0,-32.309],[32.309,0],[0,32.308]],"o":[[32.309,0],[0,32.308],[-32.309,0],[0,-32.309]],"v":[[0,-58.5],[58.5,0],[0,58.5],[-58.5,0]],"c":true},"ix":2},"nm":"Path 1","mn":"ADBE Vector Shape - Group","hd":false},{"ty":"st","c":{"a":0,"k":[0.8980392156862745,0.9137254901960784,0.9921568627450981,1],"ix":3},"o":{"a":0,"k":100,"ix":4},"w":{"a":0,"k":1,"ix":5},"lc":1,"lj":1,"ml":4,"bm":0,"nm":"Stroke 1","mn":"ADBE Vector Graphic - Stroke","hd":false},{"ty":"tr","p":{"a":0,"k":[69.326,69.758],"ix":2},"a":{"a":0,"k":[0,0],"ix":1},"s":{"a":0,"k":[100,100],"ix":3},"r":{"a":0,"k":0,"ix":6},"o":{"a":0,"k":100,"ix":7},"sk":{"a":0,"k":0,"ix":4},"sa":{"a":0,"k":0,"ix":5},"nm":"Transform"}],"nm":"Group 5","np":2,"cix":2,"bm":0,"ix":5,"mn":"ADBE Vector Group","hd":false},{"ty":"gr","it":[{"ind":0,"ty":"sh","ix":1,"ks":{"a":0,"k":{"i":[[-32.585,0],[0,-32.585],[32.584,0],[0,32.584]],"o":[[32.584,0],[0,32.584],[-32.585,0],[0,-32.585]],"v":[[0,-59],[59,0],[0,59],[-59,0]],"c":true},"ix":2},"nm":"Path 1","mn":"ADBE Vector Shape - Group","hd":false},{"ty":"fl","c":{"a":0,"k":[1,1,1,1],"ix":4},"o":{"a":0,"k":35,"ix":5},"r":1,"bm":0,"nm":"Fill 1","mn":"ADBE Vector Graphic - Fill","hd":false},{"ty":"tr","p":{"a":0,"k":[69.326,69.758],"ix":2},"a":{"a":0,"k":[0,0],"ix":1},"s":{"a":0,"k":[100,100],"ix":3},"r":{"a":0,"k":0,"ix":6},"o":{"a":0,"k":100,"ix":7},"sk":{"a":0,"k":0,"ix":4},"sa":{"a":0,"k":0,"ix":5},"nm":"Transform"}],"nm":"Group 6","np":4,"cix":2,"bm":0,"ix":6,"mn":"ADBE Vector Group","hd":false}],"ip":36,"op":96,"st":0,"bm":0},{"ddd":0,"ind":2,"ty":4,"nm":"Layer 7 Outlines","sr":1,"ks":{"o":{"a":0,"k":100,"ix":11},"r":{"a":1,"k":[{"i":{"x":[0.833],"y":[0.833]},"o":{"x":[0.167],"y":[0.167]},"t":19,"s":[-90]},{"t":38,"s":[0]}],"ix":10},"p":{"a":1,"k":[{"i":{"x":0.833,"y":0.833},"o":{"x":0.167,"y":0.167},"t":19,"s":[-309.336,127.44,0],"to":[60.833,0,0],"ti":[-60.833,0,0]},{"t":38,"s":[55.664,127.44,0]}],"ix":2},"a":{"a":0,"k":[28.205,40.179,0],"ix":1},"s":{"a":0,"k":[100,100,100],"ix":6}},"ao":0,"shapes":[{"ty":"gr","it":[{"ind":0,"ty":"sh","ix":1,"ks":{"a":0,"k":{"i":[[5.511,-0.002],[0,5.512],[-5.513,0],[0,-5.512]],"o":[[-5.513,0],[0,-5.512],[5.512,0],[-0.002,5.511]],"v":[[-0.008,-1.99],[-9.99,-11.971],[-0.008,-21.952],[9.973,-11.971]],"c":true},"ix":2},"nm":"Path 1","mn":"ADBE Vector Shape - Group","hd":false},{"ind":1,"ty":"sh","ix":2,"ks":{"a":0,"k":{"i":[[0,0],[0.011,-15.424],[0,0],[0,0],[0,20.96],[15.424,0.012]],"o":[[-15.424,-0.011],[0,0],[0,20.96],[0,0],[0.011,-15.424],[0,0]],"v":[[-0.008,-39.919],[-27.956,-12.012],[-27.956,-11.971],[-0.008,39.93],[27.945,-11.971],[0.038,-39.919]],"c":true},"ix":2},"nm":"Path 2","mn":"ADBE Vector Shape - Group","hd":false},{"ty":"mm","mm":1,"nm":"Merge Paths 1","mn":"ADBE Vector Filter - Merge","hd":false},{"ty":"mm","mm":4,"nm":"Merge Paths 2","mn":"ADBE Vector Filter - Merge","hd":false},{"ty":"fl","c":{"a":0,"k":[0.9607843137254902,0.596078431372549,1,1],"ix":4},"o":{"a":0,"k":100,"ix":5},"r":1,"bm":0,"nm":"Fill 1","mn":"ADBE Vector Graphic - Fill","hd":false},{"ty":"tr","p":{"a":0,"k":[28.206,40.179],"ix":2},"a":{"a":0,"k":[0,0],"ix":1},"s":{"a":0,"k":[100,100],"ix":3},"r":{"a":0,"k":0,"ix":6},"o":{"a":0,"k":100,"ix":7},"sk":{"a":0,"k":0,"ix":4},"sa":{"a":0,"k":0,"ix":5},"nm":"Transform"}],"nm":"Group 1","np":5,"cix":2,"bm":0,"ix":1,"mn":"ADBE Vector Group","hd":false}],"ip":19,"op":115,"st":19,"bm":0},{"ddd":0,"ind":3,"ty":4,"nm":"Layer 6 Outlines","sr":1,"ks":{"o":{"a":0,"k":100,"ix":11},"r":{"a":1,"k":[{"i":{"x":[0.833],"y":[0.833]},"o":{"x":[0.167],"y":[0.167]},"t":13,"s":[-90]},{"t":30,"s":[0]}],"ix":10},"p":{"a":1,"k":[{"i":{"x":0.833,"y":0.833},"o":{"x":0.167,"y":0.167},"t":13,"s":[-192.953,125.386,0],"to":[60.833,0,0],"ti":[-60.833,0,0]},{"t":30,"s":[172.047,125.386,0]}],"ix":2},"a":{"a":0,"k":[47.805,37.238,0],"ix":1},"s":{"a":0,"k":[100,100,100],"ix":6}},"ao":0,"shapes":[{"ty":"gr","it":[{"ind":0,"ty":"sh","ix":1,"ks":{"a":0,"k":{"i":[[-0.062,0.234],[-4.578,0.002],[0,0],[-4.204,1.761],[0,0],[-1.42,-4.353],[1.387,-0.369],[0.247,0.006],[0,0],[0.03,1.438]],"o":[[1.42,-4.353],[0,0],[4.204,1.761],[0,0],[4.578,0.002],[0.37,1.388],[-0.24,0.064],[0,0],[-1.439,0.031],[-0.006,-0.242]],"v":[[-36.475,23.149],[-26.419,15.849],[-25.065,15.849],[-11.921,15.849],[-10.567,15.849],[-0.511,23.149],[-2.353,26.331],[-3.087,26.418],[-33.9,26.418],[-36.56,23.868]],"c":true},"ix":2},"nm":"Path 1","mn":"ADBE Vector Shape - Group","hd":false},{"ind":1,"ty":"sh","ix":2,"ks":{"a":0,"k":{"i":[[-5.835,0.005],[0,-5.836],[5.836,0],[0,5.837]],"o":[[5.836,0],[0,5.837],[-5.836,0],[0.005,-5.834]],"v":[[-18.494,-10.569],[-7.926,-0.001],[-18.494,10.567],[-29.062,-0.001]],"c":true},"ix":2},"nm":"Path 2","mn":"ADBE Vector Shape - Group","hd":false},{"ind":2,"ty":"sh","ix":3,"ks":{"a":0,"k":{"i":[[0,0],[-0.731,0.002],[0,0],[-0.002,-0.729],[0,0],[0.728,-0.003],[0,0],[0.002,0.728]],"o":[[-0.001,-0.73],[0,0],[0.728,0.002],[0,0],[-0.002,0.728],[0,0],[-0.729,-0.003],[0,0]],"v":[[10.568,11.888],[11.889,10.562],[35.666,10.562],[36.987,11.883],[36.987,14.525],[35.666,15.846],[11.889,15.846],[10.568,14.525]],"c":true},"ix":2},"nm":"Path 3","mn":"ADBE Vector Shape - Group","hd":false},{"ind":3,"ty":"sh","ix":4,"ks":{"a":0,"k":{"i":[[0,0],[-0.729,0.003],[0,0],[-0.002,-0.729],[0,0],[0.728,-0.002],[0,0],[0.002,0.729]],"o":[[0.002,-0.729],[0,0],[0.728,0.003],[0,0],[-0.002,0.729],[0,0],[-0.729,-0.002],[0,0]],"v":[[10.568,1.32],[11.889,-0.001],[35.666,-0.001],[36.987,1.32],[36.987,3.962],[35.666,5.283],[11.889,5.283],[10.568,3.962]],"c":true},"ix":2},"nm":"Path 4","mn":"ADBE Vector Shape - Group","hd":false},{"ind":4,"ty":"sh","ix":5,"ks":{"a":0,"k":{"i":[[0,0],[-0.729,0.002],[0,0],[-0.002,-0.728],[0,0],[0.728,-0.002],[0,0],[0.002,0.729]],"o":[[0.002,-0.728],[0,0],[0.728,0.002],[0,0],[-0.002,0.729],[0,0],[-0.729,-0.002],[0,0]],"v":[[10.568,-9.248],[11.889,-10.569],[35.666,-10.569],[36.987,-9.248],[36.987,-6.606],[35.666,-5.285],[11.889,-5.285],[10.568,-6.606]],"c":true},"ix":2},"nm":"Path 5","mn":"ADBE Vector Shape - Group","hd":false},{"ind":5,"ty":"sh","ix":6,"ks":{"a":0,"k":{"i":[[0,0],[-4.377,-0.001],[0,0],[-0.002,4.377],[0,0],[0,0]],"o":[[0.001,4.377],[0,0],[4.376,-0.001],[0,0],[0,0],[0,0]],"v":[[-47.555,29.062],[-39.629,36.988],[39.629,36.988],[47.555,29.062],[47.555,-21.138],[-47.555,-21.138]],"c":true},"ix":2},"nm":"Path 6","mn":"ADBE Vector Shape - Group","hd":false},{"ind":6,"ty":"sh","ix":7,"ks":{"a":0,"k":{"i":[[4.376,0.001],[0,0],[0.001,-4.377],[0,0],[0,0],[0,0]],"o":[[0,0],[-4.377,0.001],[0,0],[0,0],[0,0],[-0.002,-4.377]],"v":[[39.629,-36.988],[-39.629,-36.988],[-47.555,-29.062],[-47.555,-26.42],[47.555,-26.42],[47.555,-29.062]],"c":true},"ix":2},"nm":"Path 7","mn":"ADBE Vector Shape - Group","hd":false},{"ty":"mm","mm":1,"nm":"Merge Paths 1","mn":"ADBE Vector Filter - Merge","hd":false},{"ty":"mm","mm":4,"nm":"Merge Paths 2","mn":"ADBE Vector Filter - Merge","hd":false},{"ty":"fl","c":{"a":0,"k":[0.9607843137254902,0.596078431372549,1,1],"ix":4},"o":{"a":0,"k":100,"ix":5},"r":1,"bm":0,"nm":"Fill 1","mn":"ADBE Vector Graphic - Fill","hd":false},{"ty":"tr","p":{"a":0,"k":[47.804,37.238],"ix":2},"a":{"a":0,"k":[0,0],"ix":1},"s":{"a":0,"k":[100,100],"ix":3},"r":{"a":0,"k":0,"ix":6},"o":{"a":0,"k":100,"ix":7},"sk":{"a":0,"k":0,"ix":4},"sa":{"a":0,"k":0,"ix":5},"nm":"Transform"}],"nm":"Group 1","np":10,"cix":2,"bm":0,"ix":1,"mn":"ADBE Vector Group","hd":false}],"ip":13,"op":109,"st":13,"bm":0},{"ddd":0,"ind":4,"ty":4,"nm":"Layer 5 Outlines","sr":1,"ks":{"o":{"a":0,"k":100,"ix":11},"r":{"a":1,"k":[{"i":{"x":[0.833],"y":[0.833]},"o":{"x":[0.167],"y":[0.167]},"t":6,"s":[-91]},{"t":23,"s":[0]}],"ix":10},"p":{"a":1,"k":[{"i":{"x":0.833,"y":0.833},"o":{"x":0.167,"y":0.167},"t":6,"s":[-79.301,123.393,0],"to":[60.833,0,0],"ti":[-60.833,0,0]},{"t":23,"s":[285.699,123.393,0]}],"ix":2},"a":{"a":0,"k":[39.02,38.216,0],"ix":1},"s":{"a":0,"k":[100,100,100],"ix":6}},"ao":0,"shapes":[{"ty":"gr","it":[{"ind":0,"ty":"sh","ix":1,"ks":{"a":0,"k":{"i":[[0,0],[0,0],[0,0],[0,0],[0,0],[0,0],[0,0],[0,0],[0,0],[0,0],[0,0],[0,0]],"o":[[0,0],[0,0],[0,0],[0,0],[0,0],[0,0],[0,0],[0,0],[0,0],[0,0],[0,0],[0,0]],"v":[[17.77,16.958],[6.462,16.958],[6.462,28.266],[-6.461,28.266],[-6.461,16.958],[-17.77,16.958],[-17.77,4.034],[-6.461,4.034],[-6.461,-7.273],[6.462,-7.273],[6.462,4.034],[17.77,4.034]],"c":true},"ix":2},"nm":"Path 1","mn":"ADBE Vector Shape - Group","hd":false},{"ind":1,"ty":"sh","ix":2,"ks":{"a":0,"k":{"i":[[0,0],[-2.383,0.16],[0,0],[-0.091,-2.388],[0,0],[0,0]],"o":[[0.089,-2.387],[0,0],[2.384,0.16],[0,0],[0,0],[0,0]],"v":[[-14.539,-27.023],[-10.19,-31.505],[10.187,-31.505],[14.54,-27.023],[14.54,-18.583],[-14.539,-18.583]],"c":true},"ix":2},"nm":"Path 2","mn":"ADBE Vector Shape - Group","hd":false},{"ind":2,"ty":"sh","ix":3,"ks":{"a":0,"k":{"i":[[0.045,0],[0,0],[0,0],[5.983,0.06],[0.03,0],[0,0],[-0.011,-5.983],[0,-0.03],[0,0],[0,0],[0.1,-5.32],[0.001,-0.048],[0,0],[-5.411,0.008],[0,0],[-0.008,5.412],[0,0],[5.323,-0.022]],"o":[[0,0],[0,0],[0.061,-5.983],[-0.029,0],[0,0],[-5.982,0.012],[0,0.029],[0,0],[0,0],[-5.32,-0.099],[-0.001,0.047],[0,0],[0.01,5.411],[0,0],[5.412,0.008],[0,0],[-0.021,-5.323],[-0.046,0]],"v":[[28.956,-18.583],[21,-18.583],[21,-27.023],[10.276,-37.967],[10.187,-37.967],[-10.19,-37.967],[-21.001,-27.112],[-21,-27.023],[-21,-18.583],[-28.956,-18.583],[-38.768,-9.13],[-38.77,-8.987],[-38.77,28.176],[-28.956,37.958],[28.956,37.958],[38.77,28.174],[38.77,-8.987],[29.093,-18.584]],"c":true},"ix":2},"nm":"Path 3","mn":"ADBE Vector Shape - Group","hd":false},{"ty":"mm","mm":1,"nm":"Merge Paths 1","mn":"ADBE Vector Filter - Merge","hd":false},{"ty":"mm","mm":4,"nm":"Merge Paths 2","mn":"ADBE Vector Filter - Merge","hd":false},{"ty":"fl","c":{"a":0,"k":[0.9607843137254902,0.596078431372549,1,1],"ix":4},"o":{"a":0,"k":100,"ix":5},"r":1,"bm":0,"nm":"Fill 1","mn":"ADBE Vector Graphic - Fill","hd":false},{"ty":"tr","p":{"a":0,"k":[39.02,38.216],"ix":2},"a":{"a":0,"k":[0,0],"ix":1},"s":{"a":0,"k":[100,100],"ix":3},"r":{"a":0,"k":0,"ix":6},"o":{"a":0,"k":100,"ix":7},"sk":{"a":0,"k":0,"ix":4},"sa":{"a":0,"k":0,"ix":5},"nm":"Transform"}],"nm":"Group 1","np":6,"cix":2,"bm":0,"ix":1,"mn":"ADBE Vector Group","hd":false}],"ip":6,"op":102,"st":6,"bm":0},{"ddd":0,"ind":5,"ty":4,"nm":"Layer 1 Outlines","sr":1,"ks":{"o":{"a":0,"k":100,"ix":11},"r":{"a":0,"k":0,"ix":10},"p":{"a":0,"k":[172.569,116.926,0],"ix":2},"a":{"a":0,"k":[94.75,94.75,0],"ix":1},"s":{"a":1,"k":[{"i":{"x":[0.833,0.833,0.833],"y":[0.833,0.833,0.833]},"o":{"x":[0.167,0.167,0.167],"y":[0.167,0.167,0.167]},"t":0,"s":[0,0,100]},{"i":{"x":[0.667,0.667,0.667],"y":[1,1,1]},"o":{"x":[0.167,0.167,0.167],"y":[0.167,0.167,-1.667]},"t":13,"s":[100,100,100]},{"i":{"x":[0.833,0.833,0.833],"y":[0.833,0.833,-0.667]},"o":{"x":[0.333,0.333,0.333],"y":[0,0,0]},"t":17,"s":[90,90,100]},{"t":22,"s":[100,100,100]}],"ix":6}},"ao":0,"shapes":[{"ty":"gr","it":[{"ind":0,"ty":"sh","ix":1,"ks":{"a":0,"k":{"i":[[-52.191,0],[0,-52.191],[52.19,0],[0,52.191]],"o":[[52.19,0],[0,52.191],[-52.191,0],[0,-52.191]],"v":[[0,-94.5],[94.5,0],[0,94.5],[-94.5,0]],"c":true},"ix":2},"nm":"Path 1","mn":"ADBE Vector Shape - Group","hd":false},{"ty":"mm","mm":4,"nm":"Merge Paths 1","mn":"ADBE Vector Filter - Merge","hd":false},{"ty":"fl","c":{"a":0,"k":[0.5803921568627451,0.6705882352941176,0.9764705882352941,1],"ix":4},"o":{"a":0,"k":100,"ix":5},"r":1,"bm":0,"nm":"Fill 1","mn":"ADBE Vector Graphic - Fill","hd":false},{"ty":"tr","p":{"a":0,"k":[94.75,94.75],"ix":2},"a":{"a":0,"k":[0,0],"ix":1},"s":{"a":0,"k":[100,100],"ix":3},"r":{"a":0,"k":0,"ix":6},"o":{"a":0,"k":100,"ix":7},"sk":{"a":0,"k":0,"ix":4},"sa":{"a":0,"k":0,"ix":5},"nm":"Transform"}],"nm":"Group 1","np":3,"cix":2,"bm":0,"ix":1,"mn":"ADBE Vector Group","hd":false}],"ip":0,"op":96,"st":0,"bm":0}],"markers":[]}